{
  "id": 923,
  "version": 1,
  "name": "YandePost",
  "author": "TsukiSeele",
  "rating": "S",
  "details": "Booru图库，收录ACGN高解析度插画，因质量普遍较高而有不少知名度",
  "flag": "",
  "type": "image",
  "icon": "https://yande.re/favicon.ico",
  "sections": {
    "home": {
      "index": "https://yande.re/post?page={page:0}",
      "rules": {
        "title": {
          "selector": "$(ul#post-list-posts > li).attr(id)",
          "capture": "(?<=p)(.*)",
          "replacement": "yande $1"
        },
        "coverUrl": {
          "selector": "$(div > a.thumb > img).attr(src)"
        },
        "$children": {
          "selector": "$(div.inner > a).attr(href)",
          "capture": "(.*)",
          "replacement": "https://yande.re/$1",
          "rules": {
            "tags": {
              "selector": "$(img#image).attr(alt)"
            },
            "sampleUrl": {
              "selector": "$(img#image).attr(src)"
            },
            "largerUrl": {
              "selector": "$(li > a#highres).attr(href)"
            },
            "originUrl": {
              "selector": "$(li > a#png).attr(href)"
            },
            "datetime": {
              "selector": "$(script#forum-posts-latest).html()",
              "capture": "(\\d{4}-\\d{2}-\\d{2})T(\\d{2}:\\d{2}:\\d{2})",
              "replacement": "$1 $2"
            }
          }
        }
      }
    },
    "search": {
      "index": "https://yande.re/post?page={page:0}&tags={keywords:}",
      "reuse": "home"
    }
  }
}
