{
  "id": 907,
  "version": 1,
  "name": "Furrybooru",
  "author": "TsukiSeele",
  "rating": "S",
  "details": "Booru图库，收录ACGN插画",
  "flag": "",
  "type": "image",
  "icon": "https://furry.booru.org/favicon.ico",
  "headers": {},
  "sections": {
    "home": {
      "index": "https://furry.booru.org/index.php?page=post&s=list&pid={page:-1,20}",
      "rules": {
        "title": {
          "selector": "$(.thumb > a).attr(id)",
          "capture": "(?<=p)(.*)",
          "replacement": "Furrybooru $1"
        },
        "coverUrl": {
          "selector": "$(.thumb img).attr(src)"
        },
        "$children": {
          "selector": "$(.thumb a).attr(href)",
          "capture": "(.*)",
          "replacement": "https://furry.booru.org/$1",
          "rules": {
            "title": {
              "selector": "$(title).text()"
            },
            "tags": {
              "selector": "$(textarea#tags).text()"
            },
            "sampleUrl": {
              "selector": "$(#image).attr(src)"
            }
          }
        }
      }
    },
    "search": {
      "index": "https://furry.booru.org/index.php?page=post&s=list&tags={keywords:}&pid={page:-1,20}",
      "reuse": "home"
    }
  }
}
