{
  "id": 920,
  "version": 2,
  "name": "Safebooru",
  "author": "TsukiSeele",
  "type": "image",
  "rating": "S",
  "icon": "https://safebooru.org/favicon.ico",
  "details": "Booru图库，收录ACGN图片，无R18内容，请放心浏览",
  "sections": {
    "home": {
      "index": "https://safebooru.org/index.php?page=post&s=list&pid={page:-1,40}",
      "rules": {
        "title": {
          "selector": "$(.thumb > a).attr(id)",
          "capture": "p(.*)",
          "replacement": "SafeBooru $1"
        },
        "tags": {
          "selector": "$(.thumb img).attr(alt)"
        },
        "$children": {
          "selector": "$(.thumb a).attr(href)",
          "capture": ".*",
          "replacement": "https://safebooru.org/$0",
          "rules": {
            "title": {
              "selector": "$(head > title).text()"
            },
            "originUrl": {
              "selector": "$(body).html()",
              "capture": "(https?:)?(//safebooru.org//?images/\\d+?/.*?\\.(jpg|png|jpeg))",
              "replacement": "https:$2"
            },
            "sampleUrl": {
              "selector": "$(#image).attr(src)"
            }
          }
        },
        "coverUrl": {
          "selector": "$(.thumb img).attr(src)"
        }
      }
    },
    "search": {
      "index": "https://safebooru.org/index.php?tags={keywords:}&page=post&s=list&pid={page:-1,40}",
      "reuse": "home"
    }
  }
}
