{
  "name": "ExHentai",
  "id": 303,
  "version": 1,
  "author": "TsukiSeele",
  "rating": "S",
  "details": "E绅士，最大的本子交流网站，这里是里站。不需要梯子，但是需要登录才能访问",
  "type": "comic",
  "icon": "https://e-hentai.org/favicon.ico",
  "headers": {
    "Cookie": "igneous=322abe39d; ipb_member_id=3512590; ipb_pass_hash=cfb712ea2633f9894c5dae23146f78d0; sl=dm_1;"
  },
  "sections": {
    "home": {
      "index": "https://exhentai.org/?page={page:-1}",
      "name": "主页",
      "details": "主页详情",
      "rules": {
        "title": {
          "selector": "$(.gl4t.glname).text()"
        },
        "coverUrl": {
          "selector": "$(.gl3t a img).attr(src)"
        },
        "$children": {
          "selector": "$(.gl3t a).attr(href)",
          "capture": ".*",
          "replacement": "$0?inline_set=ts_l&p={page:0}",
          "rules": {
            "$key": {
              "selector": "$(div.gdtl a img).attr(alt)",
              "capture": "(.*)",
              "replacement": "$1"
            },
            "title": {
              "selector": "$(div.gdtl a img).attr(alt)",
              "capture": "(.*)",
              "replacement": "$1"
            },
            "tags": {
              "selector": "$(#taglist tr > td:eq(1) > div).text()",
              "merge": true
            },
            "coverUrl": {
              "selector": "$(.gdtl > a > img).attr(src)"
            },
            "$children": {
              "selector": "$(.gdtl > a).attr(href)",
              "flat": true,
              "rules": {
                "originUrl": {
                  "selector": "$(#img).attr(src)"
                }
              }
            }
          }
        }
      }
    },
    "search": {
      "index": "https://exhentai.org/?page={page:-1}&f_search={keywords:}",
      "reuse": "home"
    }
  }
}
