{
  "id": 20220706001,
  "version": 1,
  "name": "Yande Pool",
  "author": "TsukiSeele",
  "rating": "S",
  "details": "Booru图库，Yande的画集池，收录ACGN画集",
  "icon": "https://yande.re/favicon.ico",
  "flag": "",
  "type": "comic",
  "sections": {
    "home": {
      "index": "https://yande.re/pool?page={page:0}",
      "rules": {
        "title": {
          "regex": "\"tags\":\"(.*?)\""
        },
        "coverUrl": {
          "regex": "\"preview_url\":\"(.*?)\""
        },
        "$extended": {
          "regex": "var\\s*?hover_row\\s*?=\\s*?\\$\\(\"p(\\d+)\"\\)",
          "capture": "(.*)",
          "replacement": "https://yande.re/pool/show/$1", "rules": {
            "title": {
              "selector": "$(#pool-show h4).text()",
              "capture": "Pool: (.+)",
              "replacement": "$1"
            }
          }
        },
        "$children": {
          "regex": "var\\s*?hover_row\\s*?=\\s*?\\$\\(\"p(\\d+)\"\\)",
          "capture": "(.*)",
          "replacement": "https://yande.re/pool/show/$1",
          "rules": {
            "title": {
              "selector": "$(.thumb).attr(href)",
              "capture": "(\\d+)",
              "replacement": "$1"
            },
            "tags": {
              "selector": "$(.preview).attr(alt)",
              "capture": "Tags\\: (.*?) User\\:",
              "replacement": "$1"
            },
            "coverUrl": {
              "selector": "$(.preview).attr(src)"
            },
            "$children": {
              "selector": "$(.thumb).attr(href)",
              "capture": "(.*)",
              "replacement": "https://yande.re/$1",
              "flat": true,
              "rules": {
                "sampleUrl": {
                  "selector": "$(#image).attr(src)"
                },
                "largerUrl": {
                  "selector": "$(#highres).attr(href)"
                },
                "originUrl": {
                  "selector": "$(#png).attr(href)"
                }
              }
            }
          }
        }
      }
    },
    "search": {
      "index": "https://yande.re/pool?page={page:0}&query={keywords:}&commit=Search",
      "reuse": "home"
    }
  }
}
